nombre,direccion,telefono,email,sitio_web,url
ÁGUILA MORA SUITES & SPA,Av. Bustillo 4790 - (CP 8400) Bariloche,No disponible,reservas@aguilamorasuites.com,www.aguilamorasuites.com,https://www.ahtra.com.ar/hoteles_hotel.php?fil=1&id=541
ALMA DEL LAGO SUITES & SPA,"Av. Bustillo  km 1,151  - (CP 8400) San Carlos de Bariloche",No disponible,info@almasuites.com.ar,www.almasuites.com,https://www.ahtra.com.ar/hoteles_hotel.php?fil=1&id=552
CACIQUE INACAYAL LAKE & SPA HOTEL,Juan Manuel de Rosas 625 - (8400) Bariloche,No disponible,reservas@hotelinacayal.com.ar,www.hotelinacayal.com.ar,https://www.ahtra.com.ar/hoteles_hotel.php?fil=1&id=573
CHARMING LUXURY LODGE & SPA,"Avenida Bustillo  Km 7,5 - (CP 8400) Bariloche",No disponible,info@charming-bariloche.com,www.charming-bariloche.com,https://www.ahtra.com.ar/hoteles_hotel.php?fil=1&id=384
EL CASCO ART HOTEL,"Av. Bustillo Km. 11,5  Nº - (CP 8400) Bariloche",No disponible,reservas@hotelelcasco.com,www.hotelelcasco.com,https://www.ahtra.com.ar/hoteles_hotel.php?fil=1&id=163
GALILEO BOUTIQUE HOTEL,Nubes (Cerro Catedral) 20 - (CP 8400) San Carlos de Bariloche,No disponible,info@galileoboutiquehotel.com,www.galileoboutiquehotel.com,https://www.ahtra.com.ar/hoteles_hotel.php?fil=1&id=377
HAMPTON BY HILTON BARILOCHE,Avenida San Martín esquina Libertad Río Negro Nº - (8400) Bariloche,No disponible,info@hamptonbariloche.com,https://www.hiltonhotels.com/es_XM/argentina/hampton-by-hilton-bariloche/,https://www.ahtra.com.ar/hoteles_hotel.php?fil=1&id=605
HOTEL CARLOS V PATAGONIA,Morales  420 - (CP 8400) Bariloche,No disponible,info@carlosvpatagonia.com.ar,www.carlosvpatagonia.com.ar,https://www.ahtra.com.ar/hoteles_hotel.php?fil=1&id=499
HOTEL NAHUEL HUAPI,Moreno 252 - (CP 8400) S. C. de Bariloche,No disponible,info@hotelnahuelhuapi.com.ar,www.hotelnahuelhuapi.com.ar,https://www.ahtra.com.ar/hoteles_hotel.php?fil=1&id=505
HUINID BUSTILLO HOTEL - BUSTILLO CABAÑAS,Av. Bustillo  2600  - (CP 8400) Bariloche,No disponible,reservas@villahuinid.com.ar,www.villahuinid.com.ar,https://www.ahtra.com.ar/hoteles_hotel.php?fil=1&id=263
LA CASCADA HOTEL,Avenida Ezequiel Bustillo  Km. 6 - (CP 8400) Bariloche,No disponible,reservas@lacascada.com,www.lacascada.com,https://www.ahtra.com.ar/hoteles_hotel.php?fil=1&id=374
"LLAO LLAO HOTEL & RESORT, GOLF - SPA",Av. Ezequiel Bustillo  Km 25 - (CP 8401) Bariloche,No disponible,info@llaollao.com.ar,www.llaollao.com,https://www.ahtra.com.ar/hoteles_hotel.php?fil=1&id=85
MANZANO RESORT BY BAHIA MANZANO,Aljaba 205 - (8407) Villa La Angostura,No disponible,club@bahiamanzano.com,https://www.bahiamanzano.com/manzano-resort/,https://www.ahtra.com.ar/hoteles_hotel.php?fil=1&id=588
NH BARILOCHE EDELWEISS,Av. San Martín  202 - (CP 8400) Bariloche,No disponible,rsvt.nhedelweiss@nh-hotels.com,www.nh-hoteles.es/hotel/nh-bariloche-edelweiss,https://www.ahtra.com.ar/hoteles_hotel.php?fil=1&id=412
NIDO DEL CONDOR,Av. Bustillo  Km. 6.900  - (CP 8400 ) Bariloche,No disponible,reservas@nidodelcondor.com.ar,www.nidodelcondor.com.ar,https://www.ahtra.com.ar/hoteles_hotel.php?fil=1&id=81
SOFT BARILOCHE HOTEL,Av. Mitre  685 - (CP 8400) San Carlos de Bariloche,No disponible,infobar@softhoteles.com.ar,www.softhotelesbariloche.com/bariloche,https://www.ahtra.com.ar/hoteles_hotel.php?fil=1&id=314
VILLA BELUNO HOTEL & SPA,Av. Del Campanario 1144 - (CP 8400) Bariloche,No disponible,info@villabeluno.com,www.villabeluno.com,https://www.ahtra.com.ar/hoteles_hotel.php?fil=1&id=548
CORRENTOSO LAKE & RIVER HOTEL,Ruta de los 7 lagos y Río Correntoso 4505 - (CP 8407) Villa La Angostura,No disponible,info@correntoso.com,www.correntoso.com,https://www.ahtra.com.ar/hoteles_hotel.php?fil=1&id=25
HOTEL CATEDRAL SKI & WELLNESS,Villa Cerro Catedral  s/n°  - (CP 8400) Bariloche,No disponible,info@clubhotel.com.ar,https://www.hotelcatedralpatagonia.com/,https://www.ahtra.com.ar/hoteles_hotel.php?fil=1&id=80
HOTEL CRISTAL,Mitre 355 - (8400) Bariloche,No disponible,reservas@hotel-cristal.com.ar,www.hotel-cristal.com.ar,https://www.ahtra.com.ar/hoteles_hotel.php?fil=1&id=694
HOTEL INTERSUR AMANCAY,Av. Bustillo KM 24749 24749 - (8400) Bariloche,No disponible,repecion@hotelamancay.com,www.hotelamancay.com,https://www.ahtra.com.ar/hoteles_hotel.php?fil=1&id=680
HOTEL TRES REYES,Av. 12 de Octubre  135  - (CP 8400) Bariloche,No disponible,reservas@hoteltresreyes.com,www.hotel3reyes.com.ar,https://www.ahtra.com.ar/hoteles_hotel.php?fil=1&id=82
MONTAÑA RESORT BY BAHIA MANZANO,Av. Arrayanes 8025 - (8407) Villa La Angostura,No disponible,club@bahiamanzano.com,https://www.bahiamanzano.com/montana-resort/,https://www.ahtra.com.ar/hoteles_hotel.php?fil=1&id=587
SHERATON BARILOCHE,San Martín  536/70 - (CP 8400) Bariloche,No disponible,email,https://www.marriott.com/en-us/hotels/brcsi-sheraton-bariloche-hotel/overview/,https://www.ahtra.com.ar/hoteles_hotel.php?fil=1&id=416
