nombre,telefono,correo,localidad,provincia
Alwa,(370) 443-5319,pasajesexpressfsa@hotmail.com,Formosa,Formosa
Arapy Viajes,(370) 467-2907,claudiafunes06@hotmail.com,Formosa,Formosa
Arista,(370) 482-1777,info@hiddentrails.tur.ar,,Formosa
Costado Norte Agencia De Turismo,(341) 3276655,gastonfg19@hotmail.com,Formosa,Formosa
Diego Bregant Viajes,,diegobregant@hotmail.com,Formosa,Formosa
Fentana Viajes Y Turismo,(3718) 42-6360,hfentana@hotmail.com,Clorinda,Formosa
Goya Turismo,(370) 442-7123,goyaturismo18@gmail.com,Formosa,Formosa
Grimaro Tour,(3718) 42-5240,grimarotour@gmx.net,Clorinda,Formosa
Le Sol Travel-Suc Formosa,(370) 4774212,ventaslesoltravel@gmail.com,Formosa,Formosa
M & M Turismo,,mymturismo@mymturismo.com.ar,Formosa,Formosa
Pisamos Fuerte Viajes,(3718) 50-4666,ivandc@hotmail.com,Laguna Blanca,Formosa
Quebracho,(370) 444-5094,flechabuscentro_fsa@hotmail.com,Formosa,Formosa
Road Tour Operador,(370) 4696221,oaranda@roadtripviajes.com,Formosa,Formosa
Saiz Viajes,(54) 3704604400,yassyege@gmail.com,Formosa,Formosa
Sakura Travel & Business,(3704) 4639873,sakuraviajesoficial@gmail.com,Formosa,Formosa
Siacia Turismo,(3704) 640007,siaciatur@yahoo.com.ar,Formosa,Formosa
Solo Turismo Arg Fsa Fsa,(370) 442-6159,staffturismo@hotmail.com,Formosa,Formosa
Tintes Religiosos,(370) 443-1009,sanabria.richard@gmail.com,Formosa,Formosa
Turismo De Castro,(3717) 0043-4777,receptivo@turismodecastro.com.ar,Formosa,Formosa
Velvet Travel,(370) 401-5814,destinos.sas22@gmail.com,,Formosa
Vidivici,(3704) 58-5764,vidiviciviajes@gmail.com,Formosa,Formosa
